{"cameraMode":{"drawMode":0,"name":"Shaded","section":"Shading Mode"},"sceneLighting":false,"audioPlay":false,"sceneViewState":{"showFog":true,"showMaterialUpdate":false,"showSkybox":true,"showFlares":true,"showImageEffects":true,"showParticleSystems":true},"in2DMode":false,"pivot":{"x":-8.47908878326416,"y":4.897466659545898,"z":-25.975635528564454},"rotation":{"x":0.1756678819656372,"y":-0.49604111909866335,"z":0.103205107152462,"w":0.8440573215484619},"size":27.815773010253908,"orthographic":false}