{"cameraMode":{"drawMode":0,"name":"Shaded","section":"Shading Mode"},"sceneLighting":false,"audioPlay":false,"sceneViewState":{"showFog":true,"showMaterialUpdate":false,"showSkybox":true,"showFlares":true,"showImageEffects":true,"showParticleSystems":true},"in2DMode":false,"pivot":{"x":0.2654147148132324,"y":-0.21398292481899262,"z":10.615078926086426},"rotation":{"x":0.12514080107212068,"y":-0.7198324203491211,"z":0.13456283509731294,"w":0.6693832874298096},"size":4.850525856018066,"orthographic":false}