{"cameraMode":{"drawMode":0,"name":"Shaded","section":"Shading Mode"},"sceneLighting":false,"audioPlay":false,"sceneViewState":{"showFog":true,"showMaterialUpdate":false,"showSkybox":true,"showFlares":true,"showImageEffects":true,"showParticleSystems":true},"in2DMode":false,"pivot":{"x":-8.134333610534668,"y":17.394420623779298,"z":-17.056861877441408},"rotation":{"x":0.3300418555736542,"y":-0.13325215876102448,"z":0.04716060683131218,"w":0.9333232045173645},"size":21.70429229736328,"orthographic":false}