{"cameraMode":{"drawMode":0,"name":"Shaded","section":"Shading Mode"},"sceneLighting":false,"audioPlay":false,"sceneViewState":{"showFog":true,"showMaterialUpdate":false,"showSkybox":true,"showFlares":true,"showImageEffects":true,"showParticleSystems":true},"in2DMode":false,"pivot":{"x":0.0,"y":0.26500001549720766,"z":-2.9802322387695315e-8},"rotation":{"x":-0.08047105371952057,"y":-0.736663818359375,"z":0.08904622495174408,"w":-0.6655236482620239},"size":1.8689510822296143,"orthographic":false}