{"cameraMode":{"drawMode":0,"name":"Shaded","section":"Shading Mode"},"sceneLighting":false,"audioPlay":false,"sceneViewState":{"showFog":true,"showMaterialUpdate":false,"showSkybox":true,"showFlares":true,"showImageEffects":true,"showParticleSystems":true},"in2DMode":false,"pivot":{"x":16.146991729736329,"y":7.717669486999512,"z":146.81201171875},"rotation":{"x":0.028722379356622697,"y":0.9712350964546204,"z":-0.15903812646865846,"w":0.17488358914852143},"size":2.7400617599487306,"orthographic":false}