{"cameraMode":{"drawMode":0,"name":"Shaded","section":"Shading Mode"},"sceneLighting":false,"audioPlay":false,"sceneViewState":{"showFog":true,"showMaterialUpdate":false,"showSkybox":true,"showFlares":true,"showImageEffects":true,"showParticleSystems":true},"in2DMode":false,"pivot":{"x":-99.96357727050781,"y":-565.2697143554688,"z":-506.451171875},"rotation":{"x":-0.035097528249025348,"y":0.9089856743812561,"z":-0.40791720151901247,"w":-0.07821057736873627},"size":850.3223876953125,"orthographic":false}