{"cameraMode":{"drawMode":0,"name":"Shaded","section":"Shading Mode"},"sceneLighting":false,"audioPlay":false,"sceneViewState":{"showFog":true,"showMaterialUpdate":false,"showSkybox":true,"showFlares":true,"showImageEffects":true,"showParticleSystems":true},"in2DMode":false,"pivot":{"x":-0.011320829391479493,"y":0.6664416790008545,"z":5.899736404418945},"rotation":{"x":-0.012874229811131955,"y":-0.953026533126831,"z":0.2998361587524414,"w":-0.0409034863114357},"size":4.459677696228027,"orthographic":false}