{"cameraMode":{"drawMode":0,"name":"Shaded","section":"Shading Mode"},"sceneLighting":false,"audioPlay":false,"sceneViewState":{"showFog":true,"showMaterialUpdate":false,"showSkybox":true,"showFlares":true,"showImageEffects":true,"showParticleSystems":true},"in2DMode":false,"pivot":{"x":-1.6161866188049317,"y":-0.38682618737220766,"z":10.37205696105957},"rotation":{"x":-0.08047105371952057,"y":-0.736663818359375,"z":0.08904622495174408,"w":-0.6655236482620239},"size":13.773749351501465,"orthographic":false}