{"cameraMode":{"drawMode":0,"name":"Shaded","section":"Shading Mode"},"sceneLighting":false,"audioPlay":false,"sceneViewState":{"showFog":true,"showMaterialUpdate":false,"showSkybox":true,"showFlares":true,"showImageEffects":true,"showParticleSystems":true},"in2DMode":false,"pivot":{"x":26.125009536743165,"y":1.7082884311676026,"z":-18.479999542236329},"rotation":{"x":-0.08047105371952057,"y":-0.736663818359375,"z":0.08904622495174408,"w":-0.6655236482620239},"size":22.0,"orthographic":false}