{"cameraMode":{"drawMode":0,"name":"Shaded","section":"Shading Mode"},"sceneLighting":false,"audioPlay":false,"sceneViewState":{"showFog":true,"showMaterialUpdate":false,"showSkybox":true,"showFlares":true,"showImageEffects":true,"showParticleSystems":true},"in2DMode":false,"pivot":{"x":12.649999618530274,"y":2.2858424186706545,"z":-8.199999809265137},"rotation":{"x":-0.00994780845940113,"y":0.9840434193611145,"z":-0.1678052544593811,"w":-0.058318134397268298},"size":0.7063881158828735,"orthographic":false}