{"cameraMode":{"drawMode":0,"name":"Shaded","section":"Shading Mode"},"sceneLighting":false,"audioPlay":false,"sceneViewState":{"showFog":true,"showMaterialUpdate":false,"showSkybox":true,"showFlares":true,"showImageEffects":true,"showParticleSystems":true},"in2DMode":false,"pivot":{"x":-10.66866683959961,"y":2.9001476764678957,"z":-19.958290100097658},"rotation":{"x":0.11738306283950806,"y":-0.734735369682312,"z":0.13165032863616944,"w":0.6550216674804688},"size":9.220785140991211,"orthographic":false}