{"cameraMode":{"drawMode":0,"name":"Shaded","section":"Shading Mode"},"sceneLighting":false,"audioPlay":false,"sceneViewState":{"showFog":true,"showMaterialUpdate":false,"showSkybox":true,"showFlares":true,"showImageEffects":true,"showParticleSystems":true},"in2DMode":false,"pivot":{"x":-2.064727783203125,"y":2.009999990463257,"z":-22.940000534057618},"rotation":{"x":0.1625829041004181,"y":0.8153527975082398,"z":-0.2740715444087982,"w":0.48337507247924807},"size":3.987165927886963,"orthographic":false}