{"cameraMode":{"drawMode":0,"name":"Shaded","section":"Shading Mode"},"sceneLighting":false,"audioPlay":false,"sceneViewState":{"showFog":true,"showMaterialUpdate":false,"showSkybox":true,"showFlares":true,"showImageEffects":true,"showParticleSystems":true},"in2DMode":false,"pivot":{"x":54.26781463623047,"y":0.8470393419265747,"z":-10.460363388061524},"rotation":{"x":-0.0024793222546577455,"y":0.9959237575531006,"z":-0.0856752097606659,"w":-0.028100324794650079},"size":4.409213542938232,"orthographic":false}