{"cameraMode":{"drawMode":0,"name":"Shaded","section":"Shading Mode"},"sceneLighting":false,"audioPlay":false,"sceneViewState":{"showFog":true,"showMaterialUpdate":false,"showSkybox":true,"showFlares":true,"showImageEffects":true,"showParticleSystems":true},"in2DMode":false,"pivot":{"x":-2.783158779144287,"y":1.8083208799362183,"z":-10.924541473388672},"rotation":{"x":0.0035564221907407047,"y":-0.985105037689209,"z":-0.020381633192300798,"w":-0.17070481181144715},"size":3.437836170196533,"orthographic":false}