{"cameraMode":{"drawMode":0,"name":"Shaded","section":"Shading Mode"},"sceneLighting":false,"audioPlay":false,"sceneViewState":{"showFog":true,"showMaterialUpdate":false,"showSkybox":true,"showFlares":true,"showImageEffects":true,"showParticleSystems":true},"in2DMode":false,"pivot":{"x":7.249549865722656,"y":0.9308277368545532,"z":-37.70012283325195},"rotation":{"x":0.00477177556604147,"y":-0.9873461127281189,"z":0.15560059249401093,"w":0.030223337933421136},"size":5.0478315353393559,"orthographic":false}