{"cameraMode":{"drawMode":0,"name":"Shaded","section":"Shading Mode"},"sceneLighting":false,"audioPlay":false,"sceneViewState":{"showFog":true,"showMaterialUpdate":false,"showSkybox":true,"showFlares":true,"showImageEffects":true,"showParticleSystems":true},"in2DMode":false,"pivot":{"x":-12.480956077575684,"y":1.7942934036254883,"z":-29.75905990600586},"rotation":{"x":0.054108064621686938,"y":0.9421245455741882,"z":-0.27354469895362856,"w":0.18613675236701966},"size":33.90839767456055,"orthographic":false}