{"cameraMode":{"drawMode":0,"name":"Shaded","section":"Shading Mode"},"sceneLighting":false,"audioPlay":false,"sceneViewState":{"showFog":true,"showMaterialUpdate":false,"showSkybox":true,"showFlares":true,"showImageEffects":true,"showParticleSystems":true},"in2DMode":false,"pivot":{"x":-34.727474212646487,"y":13.98183822631836,"z":-13.736177444458008},"rotation":{"x":0.17549309134483338,"y":-0.680332362651825,"z":0.17300890386104585,"w":0.6902304291725159},"size":147.56777954101563,"orthographic":false}