{"cameraMode":{"drawMode":0,"name":"Shaded","section":"Shading Mode"},"sceneLighting":false,"audioPlay":false,"sceneViewState":{"showFog":true,"showMaterialUpdate":false,"showSkybox":true,"showFlares":true,"showImageEffects":true,"showParticleSystems":true},"in2DMode":false,"pivot":{"x":-29.505462646484376,"y":8.710409164428711,"z":0.1832294464111328},"rotation":{"x":-0.11435790359973908,"y":-0.7864923477172852,"z":0.1531401127576828,"w":-0.5872820019721985},"size":16.87194061279297,"orthographic":false}