{"cameraMode":{"drawMode":0,"name":"Shaded","section":"Shading Mode"},"sceneLighting":false,"audioPlay":false,"sceneViewState":{"showFog":true,"showMaterialUpdate":false,"showSkybox":true,"showFlares":true,"showImageEffects":true,"showParticleSystems":true},"in2DMode":false,"pivot":{"x":-1.4694280624389649,"y":2.1372809410095217,"z":-22.821075439453126},"rotation":{"x":-0.0233262088149786,"y":0.9637450575828552,"z":-0.25001975893974306,"w":-0.09022986143827439},"size":2.2917702198028566,"orthographic":false}