{"cameraMode":{"drawMode":0,"name":"Shaded","section":"Shading Mode"},"sceneLighting":false,"audioPlay":false,"sceneViewState":{"showFog":true,"showMaterialUpdate":false,"showSkybox":true,"showFlares":true,"showImageEffects":true,"showParticleSystems":true},"in2DMode":false,"pivot":{"x":-104.94475555419922,"y":-103.1986312866211,"z":-54.42668914794922},"rotation":{"x":-0.21670295298099519,"y":0.7634698152542114,"z":-0.3197682201862335,"w":-0.5175925493240356},"size":206.67977905273438,"orthographic":false}