{"cameraMode":{"drawMode":0,"name":"Shaded","section":"Shading Mode"},"sceneLighting":false,"audioPlay":false,"sceneViewState":{"showFog":true,"showMaterialUpdate":false,"showSkybox":true,"showFlares":true,"showImageEffects":true,"showParticleSystems":true},"in2DMode":false,"pivot":{"x":15.898443222045899,"y":-59.6363525390625,"z":41.93601989746094},"rotation":{"x":-0.3720802962779999,"y":0.08169877529144287,"z":-0.03289800137281418,"w":-0.9240126013755798},"size":138.03135681152345,"orthographic":false}