{"cameraMode":{"drawMode":0,"name":"Shaded","section":"Shading Mode"},"sceneLighting":false,"audioPlay":false,"sceneViewState":{"showFog":true,"showMaterialUpdate":false,"showSkybox":true,"showFlares":true,"showImageEffects":true,"showParticleSystems":true},"in2DMode":false,"pivot":{"x":0.2654147148132324,"y":-0.21398292481899262,"z":10.615078926086426},"rotation":{"x":0.01864049956202507,"y":-0.9638932943344116,"z":0.25621888041496279,"w":0.0701008215546608},"size":5.2455644607543949,"orthographic":false}