{"cameraMode":{"drawMode":0,"name":"Shaded","section":"Shading Mode"},"sceneLighting":false,"audioPlay":false,"sceneViewState":{"showFog":true,"showMaterialUpdate":false,"showSkybox":true,"showFlares":true,"showImageEffects":true,"showParticleSystems":true},"in2DMode":false,"pivot":{"x":-0.2589798867702484,"y":-1.893628478050232,"z":-1.0093986988067628},"rotation":{"x":0.07507213950157166,"y":-0.8152599334716797,"z":0.10847847163677216,"w":0.5638687014579773},"size":4.539928436279297,"orthographic":false}