{"cameraMode":{"drawMode":0,"name":"Shaded","section":"Shading Mode"},"sceneLighting":false,"audioPlay":false,"sceneViewState":{"showFog":true,"showMaterialUpdate":false,"showSkybox":true,"showFlares":true,"showImageEffects":true,"showParticleSystems":true},"in2DMode":false,"pivot":{"x":-1.4108054637908936,"y":2.3321361541748049,"z":-0.6751384735107422},"rotation":{"x":-0.40644121170043948,"y":0.03144485875964165,"z":-0.01408850122243166,"w":-0.9130270481109619},"size":77.59376525878906,"orthographic":false}