{"cameraMode":{"drawMode":0,"name":"Shaded","section":"Shading Mode"},"sceneLighting":false,"audioPlay":false,"sceneViewState":{"showFog":true,"showMaterialUpdate":false,"showSkybox":true,"showFlares":true,"showImageEffects":true,"showParticleSystems":true},"in2DMode":false,"pivot":{"x":-40.35917282104492,"y":0.8115432262420654,"z":-25.27190399169922},"rotation":{"x":-0.21212010085582734,"y":0.7622898817062378,"z":-0.30408191680908205,"w":-0.5305216908454895},"size":6.291572570800781,"orthographic":false}