{"cameraMode":{"drawMode":0,"name":"Shaded","section":"Shading Mode"},"sceneLighting":false,"audioPlay":false,"sceneViewState":{"showFog":true,"showMaterialUpdate":false,"showSkybox":true,"showFlares":true,"showImageEffects":true,"showParticleSystems":true},"in2DMode":false,"pivot":{"x":-4.013558864593506,"y":1.063436508178711,"z":10.993125915527344},"rotation":{"x":-0.08047105371952057,"y":-0.736663818359375,"z":0.08904622495174408,"w":-0.6655236482620239},"size":6.413112640380859,"orthographic":false}