{"cameraMode":{"drawMode":0,"name":"Shaded","section":"Shading Mode"},"sceneLighting":false,"audioPlay":false,"sceneViewState":{"showFog":true,"showMaterialUpdate":false,"showSkybox":true,"showFlares":true,"showImageEffects":true,"showParticleSystems":true},"in2DMode":false,"pivot":{"x":5.057750701904297,"y":10.128498077392579,"z":-15.843305587768555},"rotation":{"x":0.13417679071426392,"y":-0.8629665970802307,"z":0.3046036660671234,"w":0.3801341652870178},"size":57.59892272949219,"orthographic":false}