{"cameraMode":{"drawMode":0,"name":"Shaded","section":"Shading Mode"},"sceneLighting":false,"audioPlay":false,"sceneViewState":{"showFog":true,"showMaterialUpdate":false,"showSkybox":true,"showFlares":true,"showImageEffects":true,"showParticleSystems":true},"in2DMode":false,"pivot":{"x":27.270994186401368,"y":3.4605116844177248,"z":-18.368196487426759},"rotation":{"x":-0.02199656143784523,"y":0.9775975942611694,"z":-0.13309356570243836,"w":-0.16157127916812898},"size":6.556220531463623,"orthographic":false}