{"cameraMode":{"drawMode":0,"name":"Shaded","section":"Shading Mode"},"sceneLighting":false,"audioPlay":false,"sceneViewState":{"showFog":true,"showMaterialUpdate":false,"showSkybox":true,"showFlares":true,"showImageEffects":true,"showParticleSystems":true},"in2DMode":false,"pivot":{"x":-15.318489074707032,"y":4.945008277893066,"z":-45.46745300292969},"rotation":{"x":0.26991716027259829,"y":0.5872355103492737,"z":-0.2166214883327484,"w":0.7316927313804627},"size":23.89856719970703,"orthographic":false}