{"cameraMode":{"drawMode":0,"name":"Shaded","section":"Shading Mode"},"sceneLighting":false,"audioPlay":false,"sceneViewState":{"showFog":true,"showMaterialUpdate":false,"showSkybox":true,"showFlares":true,"showImageEffects":true,"showParticleSystems":true},"in2DMode":false,"pivot":{"x":-5.745141983032227,"y":2.180495023727417,"z":-19.092283248901368},"rotation":{"x":0.003508994821459055,"y":-0.9819645881652832,"z":0.18814782798290254,"w":0.018267009407281877},"size":4.8871660232543949,"orthographic":false}